what,kind,bundleId,bundleVersion,description,time
executed,command,org.eclipse.ui,3.7.0.v20110928-1505,"org.eclipse.ui.edit.text.contentAssist.proposals",1441795323963
executed,command,org.eclipse.ui,3.7.0.v20110928-1505,"org.eclipse.ui.edit.delete",1441795330597
executed,command,org.eclipse.ui,3.7.0.v20110928-1505,"org.eclipse.ui.edit.delete",1441795331042
executed,command,org.eclipse.ui,3.7.0.v20110928-1505,"org.eclipse.ui.edit.delete",1441795331067
executed,command,org.eclipse.ui,3.7.0.v20110928-1505,"org.eclipse.ui.edit.delete",1441795331087
executed,command,org.eclipse.ui,3.7.0.v20110928-1505,"org.eclipse.ui.edit.delete",1441795331307
executed,command,org.eclipse.ui,3.7.0.v20110928-1505,"org.eclipse.ui.edit.delete",1441795331836
executed,command,org.eclipse.ui,3.7.0.v20110928-1505,"org.eclipse.ui.edit.text.contentAssist.proposals",1441795334031
executed,command,org.eclipse.ui,3.7.0.v20110928-1505,"org.eclipse.ui.edit.text.contentAssist.proposals",1441795337508
deactivated,workbench,org.eclipse.ui.workbench,3.7.1.v20120104-1859,"",1441795351801
activated,workbench,org.eclipse.ui.workbench,3.7.1.v20120104-1859,"",1441795372066
executed,command,org.eclipse.ui,3.7.0.v20110928-1505,"org.eclipse.ui.edit.text.contentAssist.proposals",1441795377094
deactivated,workbench,org.eclipse.ui.workbench,3.7.1.v20120104-1859,"",1441795384958
activated,workbench,org.eclipse.ui.workbench,3.7.1.v20120104-1859,"",1441795387274
executed,command,org.eclipse.ui,3.7.0.v20110928-1505,"org.eclipse.ui.edit.text.contentAssist.proposals",1441795389722
executed,command,org.eclipse.ui,3.7.0.v20110928-1505,"org.eclipse.ui.file.save",1441795427543
deactivated,workbench,org.eclipse.ui.workbench,3.7.1.v20120104-1859,"",1441795439474
deactivated,workbench,org.eclipse.ui.workbench,3.7.1.v20120104-1859,"",1441795441060
deactivated,workbench,org.eclipse.ui.workbench,3.7.1.v20120104-1859,"",1441795443155
activated,workbench,org.eclipse.ui.workbench,3.7.1.v20120104-1859,"",1441795559246
activated,editor,org.eclipse.jdt.ui,3.7.2.v20120109-1427,"org.eclipse.jdt.ui.CompilationUnitEditor",1441795560859
executed,command,org.eclipse.ui,3.7.0.v20110928-1505,"org.eclipse.ui.edit.paste",1441795566934
activated,editor,org.eclipse.jdt.ui,3.7.2.v20120109-1427,"org.eclipse.jdt.ui.CompilationUnitEditor",1441795569868
executed,command,org.eclipse.ui,3.7.0.v20110928-1505,"org.eclipse.ui.edit.paste",1441795573434
activated,editor,org.eclipse.jdt.ui,3.7.2.v20120109-1427,"org.eclipse.jdt.ui.CompilationUnitEditor",1441795575138
executed,command,org.eclipse.ui,3.7.0.v20110928-1505,"org.eclipse.ui.edit.paste",1441795579215
activated,editor,org.eclipse.jdt.ui,3.7.2.v20120109-1427,"org.eclipse.jdt.ui.CompilationUnitEditor",1441795581538
deactivated,workbench,org.eclipse.ui.workbench,3.7.1.v20120104-1859,"",1441795590986
activated,workbench,org.eclipse.ui.workbench,3.7.1.v20120104-1859,"",1441795609909
executed,command,org.eclipse.ui,3.7.0.v20110928-1505,"org.eclipse.ui.edit.paste",1441795612971
executed,command,org.eclipse.ui,3.7.0.v20110928-1505,"org.eclipse.ui.file.save",1441795615010
executed,command,org.eclipse.ui,3.7.0.v20110928-1505,"org.eclipse.ui.edit.delete",1441795622583
executed,command,org.eclipse.ui,3.7.0.v20110928-1505,"org.eclipse.ui.edit.delete",1441795623267
executed,command,org.eclipse.ui,3.7.0.v20110928-1505,"org.eclipse.ui.file.save",1441795624578
activated,editor,org.eclipse.jdt.ui,3.7.2.v20120109-1427,"org.eclipse.jdt.ui.CompilationUnitEditor",1441795626543
executed,command,org.eclipse.ui,3.7.0.v20110928-1505,"org.eclipse.ui.edit.paste",1441795630697
activated,editor,org.eclipse.jdt.ui,3.7.2.v20120109-1427,"org.eclipse.jdt.ui.CompilationUnitEditor",1441795634672
executed,command,org.eclipse.ui,3.7.0.v20110928-1505,"org.eclipse.ui.edit.paste",1441795637915
activated,editor,org.eclipse.jdt.ui,3.7.2.v20120109-1427,"org.eclipse.jdt.ui.CompilationUnitEditor",1441795640907
deactivated,workbench,org.eclipse.ui.workbench,3.7.1.v20120104-1859,"",1441795642700
activated,workbench,org.eclipse.ui.workbench,3.7.1.v20120104-1859,"",1441795666279
executed,command,org.eclipse.ui,3.7.0.v20110928-1505,"org.eclipse.ui.edit.paste",1441795669180
executed,command,org.eclipse.ui,3.7.0.v20110928-1505,"org.eclipse.ui.file.save",1441795671809
activated,editor,org.eclipse.jdt.ui,3.7.2.v20120109-1427,"org.eclipse.jdt.ui.CompilationUnitEditor",1441795673085
executed,command,org.eclipse.ui,3.7.0.v20110928-1505,"org.eclipse.ui.edit.paste",1441795676071
executed,command,org.eclipse.ui,3.7.0.v20110928-1505,"org.eclipse.ui.file.save",1441795680203
executed,command,org.eclipse.ui,3.7.0.v20110928-1505,"org.eclipse.ui.edit.text.contentAssist.proposals",1441795705307
executed,command,org.eclipse.ui,3.7.0.v20110928-1505,"org.eclipse.ui.file.save",1441795721287
executed,command,org.eclipse.ui,3.7.0.v20110928-1505,"org.eclipse.ui.edit.delete",1441795728728
executed,command,org.eclipse.ui,3.7.0.v20110928-1505,"org.eclipse.ui.file.save",1441795731812
activated,editor,org.eclipse.jdt.ui,3.7.2.v20120109-1427,"org.eclipse.jdt.ui.CompilationUnitEditor",1441795733157
executed,command,org.eclipse.ui,3.7.0.v20110928-1505,"org.eclipse.ui.file.save",1441795743588
executed,command,org.eclipse.ui,3.7.0.v20110928-1505,"org.eclipse.ui.edit.delete",1441795754194
executed,command,org.eclipse.ui,3.7.0.v20110928-1505,"org.eclipse.ui.edit.delete",1441795754636
executed,command,org.eclipse.ui,3.7.0.v20110928-1505,"org.eclipse.ui.file.save",1441795756660
activated,editor,org.eclipse.jdt.ui,3.7.2.v20120109-1427,"org.eclipse.jdt.ui.CompilationUnitEditor",1441795759178
deactivated,workbench,org.eclipse.ui.workbench,3.7.1.v20120104-1859,"",1441795764496
activated,workbench,org.eclipse.ui.workbench,3.7.1.v20120104-1859,"",1441795764506
deactivated,workbench,org.eclipse.ui.workbench,3.7.1.v20120104-1859,"",1441795765427
activated,workbench,org.eclipse.ui.workbench,3.7.1.v20120104-1859,"",1441795856649
deactivated,workbench,org.eclipse.ui.workbench,3.7.1.v20120104-1859,"",1441795893510
activated,workbench,org.eclipse.ui.workbench,3.7.1.v20120104-1859,"",1441795950506
executed,command,org.eclipse.ui,3.7.0.v20110928-1505,"org.eclipse.ui.edit.paste",1441795955817
activated,editor,org.eclipse.jdt.ui,3.7.2.v20120109-1427,"org.eclipse.jdt.ui.CompilationUnitEditor",1441795957786
executed,command,org.eclipse.ui,3.7.0.v20110928-1505,"org.eclipse.ui.edit.paste",1441795965957
activated,editor,org.eclipse.jdt.ui,3.7.2.v20120109-1427,"org.eclipse.jdt.ui.CompilationUnitEditor",1441795967288
executed,command,org.eclipse.ui,3.7.0.v20110928-1505,"org.eclipse.ui.edit.paste",1441795972403
activated,editor,org.eclipse.jdt.ui,3.7.2.v20120109-1427,"org.eclipse.jdt.ui.CompilationUnitEditor",1441795976999
executed,command,org.eclipse.ui,3.7.0.v20110928-1505,"org.eclipse.ui.file.save",1441795978793
deactivated,workbench,org.eclipse.ui.workbench,3.7.1.v20120104-1859,"",1441795985677
activated,workbench,org.eclipse.ui.workbench,3.7.1.v20120104-1859,"",1441795985687
deactivated,workbench,org.eclipse.ui.workbench,3.7.1.v20120104-1859,"",1441795986588
activated,workbench,org.eclipse.ui.workbench,3.7.1.v20120104-1859,"",1441796016733
activated,editor,org.eclipse.jdt.ui,3.7.2.v20120109-1427,"org.eclipse.jdt.ui.CompilationUnitEditor",1441796019869
deactivated,workbench,org.eclipse.ui.workbench,3.7.1.v20120104-1859,"",1441796021518
activated,workbench,org.eclipse.ui.workbench,3.7.1.v20120104-1859,"",1441796024044
deactivated,workbench,org.eclipse.ui.workbench,3.7.1.v20120104-1859,"",1441796030835
activated,workbench,org.eclipse.ui.workbench,3.7.1.v20120104-1859,"",1441796030844
deactivated,workbench,org.eclipse.ui.workbench,3.7.1.v20120104-1859,"",1441796031691
activated,workbench,org.eclipse.ui.workbench,3.7.1.v20120104-1859,"",1441796086159
activated,editor,org.eclipse.jdt.ui,3.7.2.v20120109-1427,"org.eclipse.jdt.ui.CompilationUnitEditor",1441796087411
deactivated,workbench,org.eclipse.ui.workbench,3.7.1.v20120104-1859,"",1441796096098
activated,workbench,org.eclipse.ui.workbench,3.7.1.v20120104-1859,"",1441796096108
deactivated,workbench,org.eclipse.ui.workbench,3.7.1.v20120104-1859,"",1441796097255
activated,workbench,org.eclipse.ui.workbench,3.7.1.v20120104-1859,"",1441796150986
activated,view,org.eclipse.ui.console,3.5.100.v20111007_r372,"org.eclipse.ui.console.ConsoleView",1441796152902
activated,editor,org.eclipse.jdt.ui,3.7.2.v20120109-1427,"org.eclipse.jdt.ui.CompilationUnitEditor",1441796156858
activated,view,org.eclipse.ui.console,3.5.100.v20111007_r372,"org.eclipse.ui.console.ConsoleView",1441796158898
activated,editor,org.eclipse.jdt.ui,3.7.2.v20120109-1427,"org.eclipse.jdt.ui.CompilationUnitEditor",1441796161119
deactivated,workbench,org.eclipse.ui.workbench,3.7.1.v20120104-1859,"",1441796172172
activated,workbench,org.eclipse.ui.workbench,3.7.1.v20120104-1859,"",1441796177289
deactivated,workbench,org.eclipse.ui.workbench,3.7.1.v20120104-1859,"",1441796180418
deactivated,workbench,org.eclipse.ui.workbench,3.7.1.v20120104-1859,"",1441796181216
deactivated,workbench,org.eclipse.ui.workbench,3.7.1.v20120104-1859,"",1441796182552
activated,workbench,org.eclipse.ui.workbench,3.7.1.v20120104-1859,"",1441796185048
executed,command,org.eclipse.ui.workbench.texteditor,3.7.0.v20110928-1504,"org.eclipse.ui.edit.text.goto.lineEnd",1441796247755
executed,command,org.eclipse.ui.workbench.texteditor,3.7.0.v20110928-1504,"org.eclipse.ui.edit.text.select.lineStart",1441796274064
executed,command,org.eclipse.ui,3.7.0.v20110928-1505,"org.eclipse.ui.edit.copy",1441796275911
activated,editor,org.eclipse.jdt.ui,3.7.2.v20120109-1427,"org.eclipse.jdt.ui.CompilationUnitEditor",1441796277213
executed,command,org.eclipse.ui,3.7.0.v20110928-1505,"org.eclipse.ui.edit.paste",1441796286083
executed,command,org.eclipse.ui,3.7.0.v20110928-1505,"org.eclipse.ui.edit.delete",1441796321256
executed,command,org.eclipse.ui,3.7.0.v20110928-1505,"org.eclipse.ui.edit.delete",1441796321370
executed,command,org.eclipse.ui,3.7.0.v20110928-1505,"org.eclipse.ui.edit.delete",1441796321559
executed,command,org.eclipse.ui,3.7.0.v20110928-1505,"org.eclipse.ui.edit.delete",1441796321643
executed,command,org.eclipse.ui,3.7.0.v20110928-1505,"org.eclipse.ui.edit.delete",1441796321975
executed,command,org.eclipse.ui,3.7.0.v20110928-1505,"org.eclipse.ui.edit.delete",1441796322148
executed,command,org.eclipse.ui,3.7.0.v20110928-1505,"org.eclipse.ui.edit.delete",1441796322507
executed,command,org.eclipse.ui,3.7.0.v20110928-1505,"org.eclipse.ui.edit.delete",1441796322677
executed,command,org.eclipse.ui,3.7.0.v20110928-1505,"org.eclipse.ui.edit.delete",1441796323568
executed,command,org.eclipse.ui,3.7.0.v20110928-1505,"org.eclipse.ui.edit.delete",1441796333678
executed,command,org.eclipse.ui,3.7.0.v20110928-1505,"org.eclipse.ui.edit.delete",1441796333978
executed,command,org.eclipse.ui,3.7.0.v20110928-1505,"org.eclipse.ui.edit.delete",1441796334077
executed,command,org.eclipse.ui,3.7.0.v20110928-1505,"org.eclipse.ui.edit.delete",1441796334175
executed,command,org.eclipse.ui,3.7.0.v20110928-1505,"org.eclipse.ui.edit.delete",1441796334297
executed,command,org.eclipse.ui,3.7.0.v20110928-1505,"org.eclipse.ui.edit.delete",1441796334729
executed,command,org.eclipse.ui.workbench.texteditor,3.7.0.v20110928-1504,"org.eclipse.ui.edit.text.goto.lineStart",1441796342944
executed,command,org.eclipse.ui,3.7.0.v20110928-1505,"org.eclipse.ui.file.save",1441796346435
activated,editor,org.eclipse.jdt.ui,3.7.2.v20120109-1427,"org.eclipse.jdt.ui.CompilationUnitEditor",1441796347393
executed,command,org.eclipse.ui,3.7.0.v20110928-1505,"org.eclipse.ui.file.save",1441796348508
activated,editor,org.eclipse.jdt.ui,3.7.2.v20120109-1427,"org.eclipse.jdt.ui.CompilationUnitEditor",1441796349541
executed,command,org.eclipse.ui,3.7.0.v20110928-1505,"org.eclipse.ui.edit.paste",1441796356503
executed,command,org.eclipse.ui,3.7.0.v20110928-1505,"org.eclipse.ui.edit.delete",1441796390707
executed,command,org.eclipse.ui,3.7.0.v20110928-1505,"org.eclipse.ui.edit.delete",1441796401848
executed,command,org.eclipse.ui,3.7.0.v20110928-1505,"org.eclipse.ui.edit.delete",1441796401960
executed,command,org.eclipse.ui,3.7.0.v20110928-1505,"org.eclipse.ui.edit.delete",1441796414521
executed,command,org.eclipse.ui,3.7.0.v20110928-1505,"org.eclipse.ui.edit.delete",1441796414957
executed,command,org.eclipse.ui,3.7.0.v20110928-1505,"org.eclipse.ui.edit.delete",1441796414981
executed,command,org.eclipse.ui,3.7.0.v20110928-1505,"org.eclipse.ui.edit.delete",1441796415005
executed,command,org.eclipse.ui,3.7.0.v20110928-1505,"org.eclipse.ui.edit.delete",1441796415029
executed,command,org.eclipse.ui,3.7.0.v20110928-1505,"org.eclipse.ui.edit.delete",1441796415054
executed,command,org.eclipse.ui,3.7.0.v20110928-1505,"org.eclipse.ui.edit.delete",1441796415078
executed,command,org.eclipse.ui,3.7.0.v20110928-1505,"org.eclipse.ui.edit.delete",1441796415102
executed,command,org.eclipse.ui,3.7.0.v20110928-1505,"org.eclipse.ui.edit.delete",1441796415127
executed,command,org.eclipse.ui,3.7.0.v20110928-1505,"org.eclipse.ui.edit.delete",1441796415150
executed,command,org.eclipse.ui,3.7.0.v20110928-1505,"org.eclipse.ui.edit.delete",1441796415175
executed,command,org.eclipse.ui,3.7.0.v20110928-1505,"org.eclipse.ui.edit.delete",1441796415198
executed,command,org.eclipse.ui,3.7.0.v20110928-1505,"org.eclipse.ui.edit.delete",1441796415221
executed,command,org.eclipse.ui,3.7.0.v20110928-1505,"org.eclipse.ui.edit.delete",1441796415245
executed,command,org.eclipse.ui,3.7.0.v20110928-1505,"org.eclipse.ui.edit.delete",1441796415268
executed,command,org.eclipse.ui,3.7.0.v20110928-1505,"org.eclipse.ui.edit.delete",1441796415293
executed,command,org.eclipse.ui,3.7.0.v20110928-1505,"org.eclipse.ui.edit.delete",1441796415317
executed,command,org.eclipse.ui,3.7.0.v20110928-1505,"org.eclipse.ui.edit.delete",1441796415342
executed,command,org.eclipse.ui,3.7.0.v20110928-1505,"org.eclipse.ui.edit.delete",1441796415366
executed,command,org.eclipse.ui,3.7.0.v20110928-1505,"org.eclipse.ui.edit.delete",1441796415389
executed,command,org.eclipse.ui,3.7.0.v20110928-1505,"org.eclipse.ui.edit.delete",1441796415414
executed,command,org.eclipse.ui,3.7.0.v20110928-1505,"org.eclipse.ui.file.save",1441796418017
deactivated,workbench,org.eclipse.ui.workbench,3.7.1.v20120104-1859,"",1441796429251
deactivated,workbench,org.eclipse.ui.workbench,3.7.1.v20120104-1859,"",1441796429364
activated,workbench,org.eclipse.ui.workbench,3.7.1.v20120104-1859,"",1441823745751
deactivated,workbench,org.eclipse.ui.workbench,3.7.1.v20120104-1859,"",1441823748988
deactivated,workbench,org.eclipse.ui.workbench,3.7.1.v20120104-1859,"",1441823761096
deactivated,workbench,org.eclipse.ui.workbench,3.7.1.v20120104-1859,"",1441823824363
deactivated,workbench,org.eclipse.ui.workbench,3.7.1.v20120104-1859,"",1441823828659
activated,workbench,org.eclipse.ui.workbench,3.7.1.v20120104-1859,"",1441825913374
deactivated,workbench,org.eclipse.ui.workbench,3.7.1.v20120104-1859,"",1441825913875
deactivated,workbench,org.eclipse.ui.workbench,3.7.1.v20120104-1859,"",1441825915084
activated,workbench,org.eclipse.ui.workbench,3.7.1.v20120104-1859,"",1441855599321
deactivated,workbench,org.eclipse.ui.workbench,3.7.1.v20120104-1859,"",1441855600200
activated,workbench,org.eclipse.ui.workbench,3.7.1.v20120104-1859,"",1441861037146
deactivated,workbench,org.eclipse.ui.workbench,3.7.1.v20120104-1859,"",1441861037661
deactivated,workbench,org.eclipse.ui.workbench,3.7.1.v20120104-1859,"",1441899526057
activated,workbench,org.eclipse.ui.workbench,3.7.1.v20120104-1859,"",1441899528421
activated,workbench,org.eclipse.ui.workbench,3.7.1.v20120104-1859,"",1441899532897
deactivated,workbench,org.eclipse.ui.workbench,3.7.1.v20120104-1859,"",1441899533984
activated,workbench,org.eclipse.ui.workbench,3.7.1.v20120104-1859,"",1441899537472
deactivated,workbench,org.eclipse.ui.workbench,3.7.1.v20120104-1859,"",1441899647603
activated,workbench,org.eclipse.ui.workbench,3.7.1.v20120104-1859,"",1441899650038
deactivated,workbench,org.eclipse.ui.workbench,3.7.1.v20120104-1859,"",1441899653265
activated,workbench,org.eclipse.ui.workbench,3.7.1.v20120104-1859,"",1441900326109
deactivated,workbench,org.eclipse.ui.workbench,3.7.1.v20120104-1859,"",1441900326771
activated,workbench,org.eclipse.ui.workbench,3.7.1.v20120104-1859,"",1441900329120
activated,view,org.eclipse.jdt.ui,3.7.2.v20120109-1427,"org.eclipse.jdt.ui.PackageExplorer",1441900332471
deactivated,workbench,org.eclipse.ui.workbench,3.7.1.v20120104-1859,"",1441900345071
activated,workbench,org.eclipse.ui.workbench,3.7.1.v20120104-1859,"",1441900353596
deactivated,workbench,org.eclipse.ui.workbench,3.7.1.v20120104-1859,"",1441900356140
activated,workbench,org.eclipse.ui.workbench,3.7.1.v20120104-1859,"",1441900372224
opened,editor,org.eclipse.jdt.ui,3.7.2.v20120109-1427,"org.eclipse.jdt.ui.CompilationUnitEditor",1441900374378
activated,editor,org.eclipse.jdt.ui,3.7.2.v20120109-1427,"org.eclipse.jdt.ui.CompilationUnitEditor",1441900375487
executed,command,org.eclipse.ui,3.7.0.v20110928-1505,"org.eclipse.ui.edit.text.contentAssist.proposals",1441900442181
executed,command,org.eclipse.ui,3.7.0.v20110928-1505,"org.eclipse.ui.edit.text.contentAssist.proposals",1441900471369
executed,command,org.eclipse.ui,3.7.0.v20110928-1505,"org.eclipse.ui.edit.text.contentAssist.proposals",1441900509920
executed,command,org.eclipse.ui,3.7.0.v20110928-1505,"org.eclipse.ui.edit.text.contentAssist.proposals",1441900518740
deactivated,workbench,org.eclipse.ui.workbench,3.7.1.v20120104-1859,"",1441900536928
activated,workbench,org.eclipse.ui.workbench,3.7.1.v20120104-1859,"",1441900569666
deactivated,workbench,org.eclipse.ui.workbench,3.7.1.v20120104-1859,"",1441900647110
deactivated,workbench,org.eclipse.ui.workbench,3.7.1.v20120104-1859,"",1441900649646
activated,workbench,org.eclipse.ui.workbench,3.7.1.v20120104-1859,"",1441903766481
deactivated,workbench,org.eclipse.ui.workbench,3.7.1.v20120104-1859,"",1441903804204
activated,workbench,org.eclipse.ui.workbench,3.7.1.v20120104-1859,"",1441903818415
executed,command,org.eclipse.ui,3.7.0.v20110928-1505,"org.eclipse.ui.edit.text.contentAssist.proposals",1441904021055
executed,command,org.eclipse.ui,3.7.0.v20110928-1505,"org.eclipse.ui.edit.text.contentAssist.proposals",1441904026563
executed,command,org.eclipse.ui,3.7.0.v20110928-1505,"org.eclipse.ui.edit.text.contentAssist.proposals",1441904040939
deactivated,workbench,org.eclipse.ui.workbench,3.7.1.v20120104-1859,"",1441904046354
activated,workbench,org.eclipse.ui.workbench,3.7.1.v20120104-1859,"",1441904046489
executed,command,org.eclipse.ui,3.7.0.v20110928-1505,"org.eclipse.ui.edit.text.contentAssist.proposals",1441904051249
executed,command,org.eclipse.ui,3.7.0.v20110928-1505,"org.eclipse.ui.edit.text.contentAssist.proposals",1441904058280
executed,command,org.eclipse.ui,3.7.0.v20110928-1505,"org.eclipse.ui.edit.text.contentAssist.proposals",1441904075106
executed,command,org.eclipse.ui,3.7.0.v20110928-1505,"org.eclipse.ui.edit.text.contentAssist.proposals",1441904153299
executed,command,org.eclipse.ui,3.7.0.v20110928-1505,"org.eclipse.ui.edit.text.contentAssist.proposals",1441904158409
executed,command,org.eclipse.ui,3.7.0.v20110928-1505,"org.eclipse.ui.edit.text.contentAssist.proposals",1441904296756
executed,command,org.eclipse.ui,3.7.0.v20110928-1505,"org.eclipse.ui.edit.text.contentAssist.proposals",1441904341892
executed,command,org.eclipse.ui,3.7.0.v20110928-1505,"org.eclipse.ui.edit.text.contentAssist.proposals",1441904354504
deactivated,workbench,org.eclipse.ui.workbench,3.7.1.v20120104-1859,"",1441904377900
activated,workbench,org.eclipse.ui.workbench,3.7.1.v20120104-1859,"",1441904378021
deactivated,workbench,org.eclipse.ui.workbench,3.7.1.v20120104-1859,"",1441904391849
activated,workbench,org.eclipse.ui.workbench,3.7.1.v20120104-1859,"",1441904391983
deactivated,workbench,org.eclipse.ui.workbench,3.7.1.v20120104-1859,"",1441904409071
activated,workbench,org.eclipse.ui.workbench,3.7.1.v20120104-1859,"",1441904409131
executed,command,org.eclipse.ui,3.7.0.v20110928-1505,"org.eclipse.ui.file.save",1441904413337
deactivated,workbench,org.eclipse.ui.workbench,3.7.1.v20120104-1859,"",1441904416205
activated,workbench,org.eclipse.ui.workbench,3.7.1.v20120104-1859,"",1441904421913
activated,view,org.eclipse.jdt.ui,3.7.2.v20120109-1427,"org.eclipse.jdt.ui.PackageExplorer",1441904423327
deactivated,workbench,org.eclipse.ui.workbench,3.7.1.v20120104-1859,"",1441904424931
activated,workbench,org.eclipse.ui.workbench,3.7.1.v20120104-1859,"",1441904459907
opened,editor,org.eclipse.jdt.ui,3.7.2.v20120109-1427,"org.eclipse.jdt.ui.CompilationUnitEditor",1441904459967
activated,editor,org.eclipse.jdt.ui,3.7.2.v20120109-1427,"org.eclipse.jdt.ui.CompilationUnitEditor",1441904460031
executed,command,org.eclipse.ui,3.7.0.v20110928-1505,"org.eclipse.ui.edit.text.contentAssist.proposals",1441904473345
executed,command,org.eclipse.ui,3.7.0.v20110928-1505,"org.eclipse.ui.edit.text.contentAssist.proposals",1441904481433
executed,command,org.eclipse.ui,3.7.0.v20110928-1505,"org.eclipse.ui.edit.text.contentAssist.proposals",1441904514036
executed,command,org.eclipse.ui,3.7.0.v20110928-1505,"org.eclipse.ui.edit.text.contentAssist.proposals",1441904651576
executed,command,org.eclipse.ui,3.7.0.v20110928-1505,"org.eclipse.ui.edit.text.contentAssist.proposals",1441904672344
deactivated,workbench,org.eclipse.ui.workbench,3.7.1.v20120104-1859,"",1441904744805
activated,workbench,org.eclipse.ui.workbench,3.7.1.v20120104-1859,"",1441904744939
executed,command,org.eclipse.ui,3.7.0.v20110928-1505,"org.eclipse.ui.edit.text.contentAssist.proposals",1441904855327
executed,command,org.eclipse.ui,3.7.0.v20110928-1505,"org.eclipse.ui.edit.text.contentAssist.proposals",1441904862533
executed,command,org.eclipse.ui,3.7.0.v20110928-1505,"org.eclipse.ui.edit.text.contentAssist.proposals",1441904939593
executed,command,org.eclipse.ui,3.7.0.v20110928-1505,"org.eclipse.ui.edit.text.contentAssist.proposals",1441904951057
executed,command,org.eclipse.ui,3.7.0.v20110928-1505,"org.eclipse.ui.edit.delete",1441904976953
deactivated,workbench,org.eclipse.ui.workbench,3.7.1.v20120104-1859,"",1441905054251
activated,workbench,org.eclipse.ui.workbench,3.7.1.v20120104-1859,"",1441905054372
executed,command,org.eclipse.ui,3.7.0.v20110928-1505,"org.eclipse.ui.edit.delete",1441905068925
executed,command,org.eclipse.ui,3.7.0.v20110928-1505,"org.eclipse.ui.edit.delete",1441905069396
executed,command,org.eclipse.ui,3.7.0.v20110928-1505,"org.eclipse.ui.file.save",1441905076754
deactivated,workbench,org.eclipse.ui.workbench,3.7.1.v20120104-1859,"",1441905091457
activated,workbench,org.eclipse.ui.workbench,3.7.1.v20120104-1859,"",1441905091590
executed,command,org.eclipse.ui,3.7.0.v20110928-1505,"org.eclipse.ui.file.save",1441905095183
activated,view,org.eclipse.jdt.ui,3.7.2.v20120109-1427,"org.eclipse.jdt.ui.PackageExplorer",1441905098618
deactivated,workbench,org.eclipse.ui.workbench,3.7.1.v20120104-1859,"",1441905099798
activated,workbench,org.eclipse.ui.workbench,3.7.1.v20120104-1859,"",1441905146255
opened,editor,org.eclipse.jdt.ui,3.7.2.v20120109-1427,"org.eclipse.jdt.ui.CompilationUnitEditor",1441905146320
activated,editor,org.eclipse.jdt.ui,3.7.2.v20120109-1427,"org.eclipse.jdt.ui.CompilationUnitEditor",1441905146381
executed,command,org.eclipse.ui,3.7.0.v20110928-1505,"org.eclipse.ui.edit.text.contentAssist.proposals",1441905217085
executed,command,org.eclipse.ui,3.7.0.v20110928-1505,"org.eclipse.ui.edit.text.contentAssist.proposals",1441905222987
executed,command,org.eclipse.ui,3.7.0.v20110928-1505,"org.eclipse.ui.edit.text.contentAssist.proposals",1441905287190
executed,command,org.eclipse.ui.workbench.texteditor,3.7.0.v20110928-1504,"org.eclipse.ui.edit.text.goto.lineEnd",1441905308467
executed,command,org.eclipse.ui.workbench.texteditor,3.7.0.v20110928-1504,"org.eclipse.ui.edit.text.goto.lineEnd",1441905319451
error,log,,,"Exception occurred during compilation unit conversion:\r\n----------------------------------- SOURCE BEGIN -------------------------------------\r\npackage Sep10;\r\n\r\nimport org.openqa.selenium.firefox.FirefoxDriver;\r\n//Prgm to extract first element in the Static Table.\r\nimport org.testng.annotations.BeforeMethod;\r\npublic class Staticwebtable {\r\n\r\n\tFirefoxDriver driver;\r\n\t@BeforeMethod\r\n\tpublic void setUp(){\r\n\t\tdriver=new FirefoxDriver();\r\n\t\tdriver.get(""http://www.timeanddate.com/worldclock/"");\r\n\t}\r\n\t@Test\r\n\t{public void staticwebtableTest()\r\n\t\r\n}\r\n\r\n----------------------------------- SOURCE END -------------------------------------",1441905368232
error,log,,,"Problems occurred when invoking code from plug-in: ""org.eclipse.jdt.ui"".",1441905368234
error,log,,,"Error in JDT Core during AST creation",1441905368235
executed,command,org.eclipse.ui,3.7.0.v20110928-1505,"org.eclipse.ui.edit.cut",1441905372189
executed,command,org.eclipse.ui,3.7.0.v20110928-1505,"org.eclipse.ui.edit.paste",1441905376655
deactivated,workbench,org.eclipse.ui.workbench,3.7.1.v20120104-1859,"",1441905389159
activated,workbench,org.eclipse.ui.workbench,3.7.1.v20120104-1859,"",1441905389246
executed,command,org.eclipse.ui,3.7.0.v20110928-1505,"org.eclipse.ui.edit.copy",1441905412835
executed,command,org.eclipse.ui,3.7.0.v20110928-1505,"org.eclipse.ui.edit.paste",1441905417325
executed,command,org.eclipse.ui,3.7.0.v20110928-1505,"org.eclipse.ui.edit.text.contentAssist.proposals",1441905490552
executed,command,org.eclipse.ui,3.7.0.v20110928-1505,"org.eclipse.ui.edit.delete",1441905493186
executed,command,org.eclipse.ui,3.7.0.v20110928-1505,"org.eclipse.ui.edit.text.contentAssist.proposals",1441905495528
executed,command,org.eclipse.ui,3.7.0.v20110928-1505,"org.eclipse.ui.edit.text.contentAssist.proposals",1441905514522
executed,command,org.eclipse.ui,3.7.0.v20110928-1505,"org.eclipse.ui.file.save",1441905542232
executed,command,org.eclipse.ui,3.7.0.v20110928-1505,"org.eclipse.ui.edit.copy",1441905558048
executed,command,org.eclipse.ui,3.7.0.v20110928-1505,"org.eclipse.ui.file.save",1441905561647
activated,view,org.eclipse.jdt.ui,3.7.2.v20120109-1427,"org.eclipse.jdt.ui.PackageExplorer",1441905564622
deactivated,workbench,org.eclipse.ui.workbench,3.7.1.v20120104-1859,"",1441905565955
activated,workbench,org.eclipse.ui.workbench,3.7.1.v20120104-1859,"",1441905586806
opened,editor,org.eclipse.jdt.ui,3.7.2.v20120109-1427,"org.eclipse.jdt.ui.CompilationUnitEditor",1441905586905
activated,editor,org.eclipse.jdt.ui,3.7.2.v20120109-1427,"org.eclipse.jdt.ui.CompilationUnitEditor",1441905586972
executed,command,org.eclipse.ui,3.7.0.v20110928-1505,"org.eclipse.ui.edit.paste",1441905589999
executed,command,org.eclipse.ui,3.7.0.v20110928-1505,"org.eclipse.ui.edit.undo",1441905623581
executed,command,org.eclipse.ui,3.7.0.v20110928-1505,"org.eclipse.ui.edit.undo",1441905623773
executed,command,org.eclipse.ui,3.7.0.v20110928-1505,"org.eclipse.ui.edit.text.contentAssist.proposals",1441905704434
executed,command,org.eclipse.ui,3.7.0.v20110928-1505,"org.eclipse.ui.file.save",1441905724069
deactivated,workbench,org.eclipse.ui.workbench,3.7.1.v20120104-1859,"",1441905736147
deactivated,workbench,org.eclipse.ui.workbench,3.7.1.v20120104-1859,"",1441905741092
activated,workbench,org.eclipse.ui.workbench,3.7.1.v20120104-1859,"",1441905750478
